{
    "observation.state.eef_pos": {
        "min": [
            -0.1884741336107254,
            -0.3953499495983124,
            0.02886904776096344
        ],
        "max": [
            0.48039156198501587,
            0.026412803679704666,
            0.3136923015117645
        ],
        "mean": [
            0.10528211131466646,
            -0.1685858642308295,
            0.10836164709301284
        ],
        "std": [
            0.14648068514082457,
            0.10465132649892048,
            0.07447612974697995
        ],
        "count": [
            2315
        ],
        "q01": [
            -0.01879526666350679,
            -0.3705844652610258,
            0.034230118241571454
        ],
        "q10": [
            -0.007346548064899501,
            -0.3390894951302856,
            0.04073330800956192
        ],
        "q50": [
            0.11695895998961982,
            -0.13170544098314405,
            0.07583458925201104
        ],
        "q90": [
            0.20183151692345125,
            -0.06954520567060804,
            0.23131823372184326
        ],
        "q99": [
            0.22216679123359415,
            -0.04885991666770136,
            0.28109276974947867
        ]
    },
    "episode_index": {
        "min": [
            0
        ],
        "max": [
            4
        ],
        "mean": [
            2.094168466522678
        ],
        "std": [
            1.4905709799768183
        ],
        "count": [
            2315
        ],
        "q01": [
            2.0941684665226785
        ],
        "q10": [
            2.094168466522682
        ],
        "q50": [
            2.0941684665226976
        ],
        "q90": [
            2.0941684665227145
        ],
        "q99": [
            2.094168466522718
        ]
    },
    "observation.state": {
        "min": [
            -0.1884741336107254,
            -0.3953499495983124,
            0.02886904776096344,
            -2.2972443103790283,
            -0.7141085863113403,
            -0.2140413522720337,
            0.058773577213287354
        ],
        "max": [
            0.48039156198501587,
            0.026412803679704666,
            0.3136923015117645,
            -1.992642879486084,
            0.4546077847480774,
            0.4238913953304291,
            0.08557429909706116
        ],
        "mean": [
            0.10528211131466646,
            -0.1685858642308295,
            0.10836164709301284,
            -2.16578305215609,
            -0.07192941082653552,
            0.04146312209606556,
            0.0740324058234048
        ],
        "std": [
            0.14648068514082457,
            0.10465132649892048,
            0.07447612974697995,
            0.06427957046996673,
            0.22013302763506462,
            0.12421766388696265,
            0.009096585748851962
        ],
        "count": [
            2315
        ],
        "q01": [
            -0.01879526666350679,
            -0.3705844652610258,
            0.034230118241571454,
            -2.25417375196494,
            -0.4501536469339809,
            -0.15154155027892113,
            0.06040739089980066
        ],
        "q10": [
            -0.007346548064899501,
            -0.3390894951302856,
            0.04073330800956192,
            -2.2321572624684407,
            -0.31116100893486653,
            -0.09995018887082134,
            0.060605063868392886
        ],
        "q50": [
            0.11695895998961982,
            -0.13170544098314405,
            0.07583458925201104,
            -2.1736423221571655,
            -0.06611852536126811,
            0.029079273172511397,
            0.07979934397465338
        ],
        "q90": [
            0.20183151692345125,
            -0.06954520567060804,
            0.23131823372184326,
            -2.0837596484857808,
            0.18386236992626417,
            0.17436904275520318,
            0.0821702591648434
        ],
        "q99": [
            0.22216679123359415,
            -0.04885991666770136,
            0.28109276974947867,
            -2.0568005695446003,
            0.272921923471321,
            0.246609955297948,
            0.08296750819483535
        ]
    },
    "frame_index": {
        "min": [
            0
        ],
        "max": [
            604
        ],
        "mean": [
            237.88207343412526
        ],
        "std": [
            145.86144614425987
        ],
        "count": [
            2315
        ],
        "q01": [
            4.34850013294717
        ],
        "q10": [
            47.00397515326747
        ],
        "q50": [
            237.52223187904949
        ],
        "q90": [
            428.6068334860413
        ],
        "q99": [
            471.4156467353034
        ]
    },
    "observation.state.gripper_width": {
        "min": [
            0.058773577213287354
        ],
        "max": [
            0.08557429909706116
        ],
        "mean": [
            0.07403239792224912
        ],
        "std": [
            0.009096636504560572
        ],
        "count": [
            2315
        ],
        "q01": [
            0.06040739089980066
        ],
        "q10": [
            0.060605063868392886
        ],
        "q50": [
            0.07979934397465338
        ],
        "q90": [
            0.0821702591648434
        ],
        "q99": [
            0.08296750819483535
        ]
    },
    "observation.images.camera0": {
        "min": [
            [
                [
                    0.0
                ]
            ],
            [
                [
                    0.0
                ]
            ],
            [
                [
                    0.0
                ]
            ]
        ],
        "max": [
            [
                [
                    1.0
                ]
            ],
            [
                [
                    1.0
                ]
            ],
            [
                [
                    1.0
                ]
            ]
        ],
        "mean": [
            [
                [
                    0.42552884337516195
                ]
            ],
            [
                [
                    0.39410879604960986
                ]
            ],
            [
                [
                    0.36781039881163596
                ]
            ]
        ],
        "std": [
            [
                [
                    0.00882936910150561
                ]
            ],
            [
                [
                    0.004819759072500132
                ]
            ],
            [
                [
                    0.008473546902499225
                ]
            ]
        ],
        "count": [
            521
        ],
        "q01": [
            [
                [
                    -3.9215686274509807e-13
                ]
            ],
            [
                [
                    -3.9215686274509807e-13
                ]
            ],
            [
                [
                    -3.9215686274509807e-13
                ]
            ]
        ],
        "q10": [
            [
                [
                    -3.9215686274509807e-13
                ]
            ],
            [
                [
                    -3.9215686274509807e-13
                ]
            ],
            [
                [
                    -3.9215686274509807e-13
                ]
            ]
        ],
        "q50": [
            [
                [
                    0.555396362973839
                ]
            ],
            [
                [
                    0.4848544239662475
                ]
            ],
            [
                [
                    0.4138724284122346
                ]
            ]
        ],